{"cameraMode":{"drawMode":0,"name":"Shaded","section":"Shading Mode"},"sceneLighting":true,"audioPlay":false,"sceneViewState":{"m_AlwaysRefresh":false,"showFog":true,"showSkybox":true,"showFlares":true,"showImageEffects":true,"showParticleSystems":true,"showVisualEffectGraphs":true,"m_FxEnabled":true},"in2DMode":false,"pivot":{"x":0.5353171229362488,"y":1.3628231287002564,"z":-0.021275941282510759},"rotation":{"x":0.03444935753941536,"y":0.5142349004745483,"z":0.020679034292697908,"w":-0.8567097187042236},"size":2.2161364555358888,"orthographic":false}