{"cameraMode":{"drawMode":0,"name":"Shaded","section":"Shading Mode"},"sceneLighting":false,"audioPlay":false,"sceneViewState":{"m_AlwaysRefresh":false,"showFog":true,"showSkybox":false,"showFlares":true,"showImageEffects":true,"showParticleSystems":true,"showVisualEffectGraphs":true,"m_FxEnabled":true},"in2DMode":false,"pivot":{"x":-0.3001561164855957,"y":3.106330394744873,"z":-0.001251152134500444},"rotation":{"x":-0.09815894067287445,"y":-0.8932304978370667,"z":0.36904609203338625,"w":-0.23745112121105195},"size":22.45823860168457,"orthographic":false}